{"obs_frame_R": 217.64999389648438, "obs_border_R": 135.5, "frame_p85_R": 253.9274444580078, "frame_p85_G": 254.1679229736328, "frame_p85_B": 164.2595672607422}