{"obs_frame_R": 205.5500030517578, "obs_border_R": 94.0, "frame_p85_R": 254.53140258789062, "frame_p85_G": 255.0, "frame_p85_B": 165.6202392578125}