{"obs_frame_R": 218.5500030517578, "obs_border_R": 132.5, "frame_p85_R": 255.0, "frame_p85_G": 255.0, "frame_p85_B": 164.9816436767578}